{"Highest Loss Index": 0, "Lowest Loss Index": 20, "_timestamp": 1718845063.1123872, "_runtime": 103.4427981376648, "_step": 5, "Loss": 7281926.5, "_wandb": {"runtime": 114}}