{"Highest Loss Index": 996, "Lowest Loss Index": 991, "_timestamp": 1721255930.8937657, "_runtime": 80293.39896678925, "_step": 1119, "Loss": 428389.6875, "_wandb": {"runtime": 80426}}