{"Test Loss": 6906033.25, "_timestamp": 1718836401.8030436, "_runtime": 1541.718047618866, "_step": 299, "Loss": 6905999.0}