{"Loss": 5513.0859375, "_timestamp": 1718834722.3013213, "_runtime": 194.61262226104736, "_step": 130}