{"Highest Loss Index": 2726, "Lowest Loss Index": 970, "_timestamp": 1721395638.4688566, "_runtime": 207585.84310555458, "_step": 2499, "Loss": 10600.4736328125, "_wandb": {"runtime": 207714}}