{"Highest Loss Index": 0, "Lowest Loss Index": 3, "_timestamp": 1721174882.6923604, "_runtime": 10880.277616500854, "_step": 289, "Loss": 7416635.5, "_wandb": {"runtime": 10906}}