{"Highest Loss Index": 316, "Lowest Loss Index": 420, "_timestamp": 1718847757.8771904, "_runtime": 2960.433045387268, "_step": 171, "Loss": 5189.78125}