{"Loss": 4928.0302734375, "_timestamp": 1718834507.2475257, "_runtime": 145.87406063079834, "_step": 812, "_wandb": {"runtime": 151}}