{"Highest Loss Index": 0, "Lowest Loss Index": 266, "_timestamp": 1719452921.701488, "_runtime": 2557.3803009986877, "_step": 199, "Loss": 4876.05126953125}