{"Highest Loss Index": 0, "Lowest Loss Index": 266, "_timestamp": 1719456648.31982, "_runtime": 2642.5254328250885, "_step": 199, "Loss": 40955736.0}