{"Highest Loss Index": 3973, "Lowest Loss Index": 980, "_timestamp": 1721395775.7327166, "_runtime": 208481.86756563187, "_step": 2771, "Loss": 9504.8271484375, "_wandb": {"runtime": 208489}}