{"Highest Loss Index": 0, "Lowest Loss Index": 991, "_timestamp": 1721163479.7750971, "_runtime": 106.50031614303589, "_step": 1, "Loss": 10234908.0, "_wandb": {"runtime": 153}}