{"Highest Loss Index": 0, "Lowest Loss Index": 991, "_timestamp": 1721395665.11883, "_runtime": 149463.65530896187, "_step": 1835, "Loss": 100489191424.0, "_wandb": {"runtime": 149539}}