{"Highest Loss Index": 0, "Lowest Loss Index": 15, "_timestamp": 1718844055.474562, "_runtime": 69.73892498016357, "_step": 5, "Loss": 7281584.0, "_wandb": {"runtime": 116}}