{"epoch": 5, "loss": 7901379.5, "_timestamp": 1716427192.5655835, "_runtime": 126.54310750961304, "_step": 1187}