{"Highest Loss Index": 0, "Lowest Loss Index": 12, "_timestamp": 1718846981.139759, "_runtime": 52.23636198043823, "_step": 1, "Loss": 7786450.0, "_wandb": {"runtime": 62}}