{"Highest Loss": 7423125.0, "Lowest Loss": 7416467.0, "_timestamp": 1718843802.7777538, "_runtime": 47.90368294715881, "_step": 3, "Loss": 7417292.0}