{"Highest Loss": 7666310.5, "Lowest Loss": 7659546.5, "_timestamp": 1718843666.9344692, "_runtime": 49.20100212097168, "_step": 3, "Loss": 7660945.0, "_wandb": {"runtime": 129}}