{"epoch": 0, "loss": 7901752.5, "_timestamp": 1717784275.0350182, "_runtime": 15.584814310073853, "_step": 138}