{"Highest Loss Index": 0, "Lowest Loss Index": 991, "_timestamp": 1721395619.4643483, "_runtime": 139424.70144224167, "_step": 2099, "Loss": 10309296193536.0, "_wandb": {"runtime": 139528}}