{"Eval Loss": 31990.169921875, "_timestamp": 1718837423.2583327, "_runtime": 1441.99475979805, "_step": 99, "Loss": 31981.544921875}