{"Eval Loss": 5411.35732421875, "_timestamp": 1718842794.46189, "_runtime": 1128.4244558811188, "_step": 83, "Loss": 5340.15771484375, "_wandb": {"runtime": 1232}}