{"Highest Loss Index": 0, "Lowest Loss Index": 209, "_timestamp": 1718851337.9792454, "_runtime": 6256.914694309235, "_step": 399, "Loss": 849.7283325195312}