{"Highest Loss Index": 0, "Lowest Loss Index": 20, "_timestamp": 1718844675.5041175, "_runtime": 192.11828756332397, "_step": 11, "Loss": 5639010.0, "_wandb": {"runtime": 206}}