{"Highest Loss Index": 0, "Lowest Loss Index": 236, "_timestamp": 1718853526.9192283, "_runtime": 6526.981995344162, "_step": 399, "Loss": 2420.497314453125}