{"Highest Loss Index": 0, "Lowest Loss Index": 991, "_timestamp": 1721388735.5222592, "_runtime": 142740.86977028847, "_step": 1599, "Loss": 815591744.0, "_wandb": {"runtime": 142740}}