{"Highest Loss Index": 0, "Lowest Loss Index": 20, "_timestamp": 1718844174.053541, "_runtime": 62.09184002876282, "_step": 3, "Loss": 7538756.0, "_wandb": {"runtime": 78}}