{"Highest Loss Index": 0, "Lowest Loss Index": 991, "_timestamp": 1721175478.3782678, "_runtime": 501.48751068115234, "_step": 7, "Loss": 10349575.0, "_wandb": {"runtime": 589}}