{"Highest Loss Index": 0, "Lowest Loss Index": 991, "_timestamp": 1721576486.180477, "_runtime": 180370.44577980042, "_step": 3955, "Loss": 318541152.0}