{"Highest Loss Index": 0, "Lowest Loss Index": 991, "_timestamp": 1721576754.0111759, "_runtime": 180638.2764787674, "_step": 3961, "Loss": 318515456.0}