{"Highest Loss Index": 0, "Lowest Loss Index": 10002, "_timestamp": 1720042802.5846276, "_runtime": 827.7851235866547, "_step": 1, "Loss": 2586797.75, "_wandb": {"runtime": 936}}